Name,Age,City,Country,Permanent_Address2
Alice,60,New York,USA,123 Main St
Bob,50,Los Angeles,USA,456 Oak St
Charlie,27,Chicago,USA,789 Pine St
David,45,Houston,USA,101 Maple St
Emma,32,Miami,USA,202 Birch St
Frank,29,Tokyo,Japan,303 Cedar St
Grace,38,Sydney,Australia,Unknown Address
Henry,55,Berlin,Germany,505 Spruce St
Isabella,24,Rome,Italy,606 Willow St
Jack,41,Dubai,UAE,707 Ash St
Katherine,33,Singapore,Singapore,808 Cherry St
Liam,26,London,UK,909 Poplar St
Mia,31,Manchester,UK,111 Walnut St
Noah,28,Birmingham,UK,222 Chestnut St
Olivia,35,Liverpool,UK,333 Magnolia St
Peter,47,Moscow,Russia,444 Redwood St
Quinn,22,Vienna,Austria,555 Sequoia St
Rachel,39,Prague,Czech Republic,666 Palm St
Samuel,52,Athens,Greece,777 Cypress St
Taylor,30,Lisbon,Portugal,888 Fir St
Uma,36,Cairo,Egypt,999 Hemlock St
Victor,43,Bangkok,Thailand,1110 Juniper St
Wendy,25,Stockholm,Sweden,Unknown Address
Xavier,48,Brussels,Belgium,1312 Beech St
Yara,23,Oslo,Norway,1413 Sycamore St
Zachary,34,Warsaw,Poland,1514 Dogwood St
Sophia,31,Budapest,Hungary,1615 Hickory St
James,57,Dublin,Ireland,1716 Locust St
Luna,20,Helsinki,Finland,Unknown Address
Ethan,44,Zurich,Switzerland,1918 Pecan St
